Country Name,"Country Code","Series Name","Series Code","2010 [YR2010]","2011 [YR2011]","2012 [YR2012]","2013 [YR2013]","2014 [YR2014]","2015 [YR2015]","2016 [YR2016]","2017 [YR2017]","2018 [YR2018]","2019 [YR2019]","2020 [YR2020]"
Africa Eastern and Southern,"AFE","Total natural resources rents (% of GDP)","NY.GDP.TOTL.RT.ZS","12.0272921636119","13.8327602240159","11.6995532431167","11.0178558522859","9.38296875339101","6.60084684041393","7.22666290910055","7.8985670517882","7.54909239311972","6.73387216198373","6.15684891122153"
Africa Western and Central,"AFW","Total natural resources rents (% of GDP)","NY.GDP.TOTL.RT.ZS","14.2289387822417","17.8007612366636","16.1216507786234","12.4255645840542","9.92710636965712","6.13557528473642","6.36027952574379","8.87794485151043","10.0023935267185","8.62552056707509","5.91722849001492"
Arab World,"ARB","Total natural resources rents (% of GDP)","NY.GDP.TOTL.RT.ZS","27.7740520193242","34.8780127275844","34.4082052971307","31.771876026964","28.3987327270637","17.1240935333974","14.5188595135069","18.2725065180973","23.1576538692586","20.4443090027516","13.6262366894215"
Caribbean small states,"CSS","Total natural resources rents (% of GDP)","NY.GDP.TOTL.RT.ZS","8.58497024344945","13.278999370676","12.2406253394284","11.5019134178589","9.06476250289659","4.28496238024667","3.82156090521278","4.58360385585124","5.50150187114763","5.16511225563906","4.01930905523046"
Central Europe and the Baltics,"CEB","Total natural resources rents (% of GDP)","NY.GDP.TOTL.RT.ZS","2.20029237738755","2.86079487305536","2.06986567788745","1.76799260913013","1.63159566473226","0.825631539045938","1.01596313200799","1.46868644836589","1.37821568057069","0.587609631709931","0.476124718719927"
Early-demographic dividend,"EAR","Total natural resources rents (% of GDP)","NY.GDP.TOTL.RT.ZS","9.22503038812095","11.8031803630558","10.8068750734792","9.65256003527266","8.30112766997896","4.61784269372454","4.05321680761495","4.91793906556283","6.59590933129424","5.3898937006273","3.85169700450093"
East Asia & Pacific,"EAS","Total natural resources rents (% of GDP)","NY.GDP.TOTL.RT.ZS","3.61736482753036","4.51949755914906","2.74464254515472","2.35936566090042","2.01562537926092","1.18781136402077","1.07531660793681","1.34908943100725","1.49623364269318","1.37458315325869","1.07184349934797"
East Asia & Pacific (excluding high income),"EAP","Total natural resources rents (% of GDP)","NY.GDP.TOTL.RT.ZS","6.3097398625033","7.63586513877191","4.40483513578008","3.36520379171158","2.77347015250941","1.53497670406624","1.35376307004502","1.64957342779913","1.82587903450451","1.57316452950628","1.1002123597412"
East Asia & Pacific (IDA & IBRD countries),"TEA","Total natural resources rents (% of GDP)","NY.GDP.TOTL.RT.ZS","6.30967478261027","7.6357994231077","4.40480450540896","3.36516880912398","2.77344171216195","1.534960397984","1.35374706447194","1.64955530010108","1.82586180733672","1.57314874726315","1.10020149582825"
Euro area,"EMU","Total natural resources rents (% of GDP)","NY.GDP.TOTL.RT.ZS","0.184772112414013","0.226015866233761","0.216680144520865","0.193570927574647","0.15106937705684","0.108422885950611","0.0849035229759207","0.0981515780870078","0.121111947809602","0.0986369309076314","0.0729255257732188"
Europe & Central Asia,"ECS","Total natural resources rents (% of GDP)","NY.GDP.TOTL.RT.ZS","1.92823693179289","2.64917869248265","2.48554437495063","2.19561200739134","1.87817517095578","1.13309230018598","0.935024121425878","1.29011492913958","1.78949400312235","1.47188999090194","0.883089489190227"
Europe & Central Asia (excluding high income),"ECA","Total natural resources rents (% of GDP)","NY.GDP.TOTL.RT.ZS","5.87359876909907","7.71584464510512","6.49673945498723","5.58557669623185","4.92720181119092","2.88860418988056","2.61512983237618","3.74199384035046","5.48773247025132","4.37946076839277","2.95061751408028"
Europe & Central Asia (IDA & IBRD countries),"TEC","Total natural resources rents (% of GDP)","NY.GDP.TOTL.RT.ZS","8.58606720997336","11.003905235051","9.61860046039551","8.45869069395078","7.79073802532109","5.1010328186333","4.40897418431189","5.80255038164851","8.30935445815033","6.68114418214242","4.11965097843638"
European Union,"EUU","Total natural resources rents (% of GDP)","NY.GDP.TOTL.RT.ZS","0.421411971673334","0.540330011369214","0.437238437614125","0.381416273150475","0.325323528113932","0.190923338670574","0.193954594590723","0.265411080454523","0.282319440731578","0.158542270568313","0.119946318869134"
Fragile and conflict affected situations,"FCS","Total natural resources rents (% of GDP)","NY.GDP.TOTL.RT.ZS","17.0164933857833","21.8095745966589","20.2141655084573","17.2125275026033","14.7611831101167","10.2066362991927","9.95323238593445","12.9051992785563","15.4513454698165","12.9197795039031","8.27250804751747"
Heavily indebted poor countries (HIPC),"HPC","Total natural resources rents (% of GDP)","NY.GDP.TOTL.RT.ZS","10.8843633808338","13.2323269574444","11.8850768249789","10.5335453576168","9.66947957683006","8.18746675628673","8.41713441892405","8.87141721774587","7.85340300252182","6.72093406674256","6.60755179762904"
High income,"HIC","Total natural resources rents (% of GDP)","NY.GDP.TOTL.RT.ZS","2.21648436606325","3.03960957266723","2.75326892992089","2.61980725871996","2.32973415335396","1.26109595744383","1.10085957380104","1.43270610657953","1.90775786751903","1.67996837907312","1.10976019951412"
IBRD only,"IBD","Total natural resources rents (% of GDP)","NY.GDP.TOTL.RT.ZS","7.50962355985335","9.17077515201093","7.23289614356411","6.10129209394309","5.13837138436584","2.85526379212225","2.54785454170493","3.20477644982547","4.09584169570653","3.35224263272756","2.27046770486522"
IDA & IBRD total,"IBT","Total natural resources rents (% of GDP)","NY.GDP.TOTL.RT.ZS","7.64637750503923","9.35466382752078","7.41074007635681","6.24954489490705","5.27835559430752","3.00913748729592","2.7108164398424","3.37913375097997","4.20794632636995","3.49441674939887","2.42240953800124"
IDA blend,"IDB","Total natural resources rents (% of GDP)","NY.GDP.TOTL.RT.ZS","10.2021393526525","12.6913473452462","11.0480406650875","8.7596095624707","6.94148305563742","4.07826551564687","3.90513658990217","5.5940008191973","6.71877434554955","6.25472433025524","4.22291579046737"
IDA only,"IDX","Total natural resources rents (% of GDP)","NY.GDP.TOTL.RT.ZS","8.57259152696577","10.9069871085796","8.44847535703617","7.52277356056321","7.07970311100252","5.64238931614291","5.40909209553318","5.58624249742014","4.67388744522673","4.02925605394591","4.15186177960463"
IDA total,"IDA","Total natural resources rents (% of GDP)","NY.GDP.TOTL.RT.ZS","9.3734112274396","11.791467735398","9.80369472646145","8.17021351998384","7.00772452786071","4.84442291235382","4.68418512417712","5.59386791505351","5.63568609877712","5.15856760250842","4.18719950855609"
Late-demographic dividend,"LTE","Total natural resources rents (% of GDP)","NY.GDP.TOTL.RT.ZS","7.72328517721485","9.56517932123186","7.3266963400142","6.22180506274575","5.28701081219893","2.95774950385083","2.53726594627517","3.13477797495938","3.88702692015596","3.28519474507477","2.19159102675367"
Latin America & Caribbean,"LCN","Total natural resources rents (% of GDP)","NY.GDP.TOTL.RT.ZS","5.19654993250436","6.77523173769579","6.00481904838201","5.22600711716773","4.33841889659424","2.28431690138741","2.17668620071573","2.6193332409431","3.34878319404008","2.61779995861804","2.44027821623062"
Latin America & Caribbean (excluding high income),"LAC","Total natural resources rents (% of GDP)","NY.GDP.TOTL.RT.ZS","4.43304919357993","5.68562324611902","5.1560681388143","4.67862898312053","4.05955395987571","2.26839484735161","2.20820666205191","2.57889502026549","3.3444644690755","2.72468943331708","2.34857268482863"
Latin America & the Caribbean (IDA & IBRD countries),"TLA","Total natural resources rents (% of GDP)","NY.GDP.TOTL.RT.ZS","5.34201067563541","6.95823951335277","6.1754436745382","5.37890429187891","4.46551966839224","2.37191932993987","2.26835042395372","2.71847091326743","3.47412792005921","2.71979821816431","2.5584454161187"
Least developed countries: UN classification,"LDC","Total natural resources rents (% of GDP)","NY.GDP.TOTL.RT.ZS","13.8955056953859","15.6119830591205","13.2872779976706","11.669908132347","10.0123651560216","7.12038778450257","6.93337313565308","7.71954453916855","7.2392436321201","5.94850263587647","5.11074035033367"
Low & middle income,"LMY","Total natural resources rents (% of GDP)","NY.GDP.TOTL.RT.ZS","7.18338641571219","8.65980771933582","6.70515320738758","5.6214881510499","4.72452078513557","2.66992183004351","2.44663974399772","3.0253421585795","3.69096485613029","3.10852880321489","2.18524531622867"
Low income,"LIC","Total natural resources rents (% of GDP)","NY.GDP.TOTL.RT.ZS","12.8012337606866","18.0112710374102","13.4771265425929","12.4268725660008","11.4288918059912","8.8004285501813","9.58564208163522","10.1858678733809","9.31132390178033","8.31034762538378","9.08224966492717"
Lower middle income,"LMC","Total natural resources rents (% of GDP)","NY.GDP.TOTL.RT.ZS","6.79190137409865","8.27798218494946","7.10809469852784","6.04082263946281","4.91513807964121","2.89050137992976","2.65777481094253","3.38367168336172","3.81513019951678","3.37108113294476","2.52046612821115"
"Middle East, North Africa, Afghanistan & Pakistan","MEA","Total natural resources rents (% of GDP)","NY.GDP.TOTL.RT.ZS","23.2766196403199","28.7071684497978","27.9897185176093","26.6133849027537","24.0395844931358","14.2064808937841","11.9165655852541","14.9578989156683","20.2405148659966","17.5033410787066","11.7245669362694"
"Middle East, North Africa, Afghanistan & Pakistan (excluding high income)","MNA","Total natural resources rents (% of GDP)","NY.GDP.TOTL.RT.ZS","18.7095161670145","21.24470402026","20.4583217164365","19.3535704072363","17.6184520488249","10.3627319999828","9.02125565282095","12.3294492507823","18.2271518439741","15.2579533996426","9.80232021349665"
"Middle East, North Africa, Afghanistan & Pakistan (IDA & IBRD)","TMN","Total natural resources rents (% of GDP)","NY.GDP.TOTL.RT.ZS","18.8131916367908","21.3610797804421","20.5715410146561","19.4786816391383","17.7361995681028","10.4346954392292","9.08855336485147","12.4250468658951","18.3662940740219","15.3812338278359","9.87168909396206"
Middle income,"MIC","Total natural resources rents (% of GDP)","NY.GDP.TOTL.RT.ZS","7.08077423996553","8.50366413734807","6.61028710328591","5.52870267423377","4.63192383203481","2.58677825614991","2.3636234482674","2.94688181636193","3.63028099977262","3.0564529592369","2.11631507713698"
North America,"NAC","Total natural resources rents (% of GDP)","NY.GDP.TOTL.RT.ZS","1.08073063539285","1.37459368234201","0.843777040248708","0.845724629242025","0.79481573796742","0.242053073076839","0.339716303297114","0.48744213015294","0.688667404391941","0.660649605655894","0.395880564549259"
Not classified,"INX","Total natural resources rents (% of GDP)","NY.GDP.TOTL.RT.ZS","NA","NA","NA","NA","NA","NA","NA","NA","NA","NA","NA"
OECD members,"OED","Total natural resources rents (% of GDP)","NY.GDP.TOTL.RT.ZS","1.0990607729866","1.40827678717248","1.05904619033389","1.00273127174675","0.882427406034121","0.420606325243225","0.437592316334176","0.600310739925277","0.750738864562023","0.663441233007234","0.498571770808259"
Other small states,"OSS","Total natural resources rents (% of GDP)","NY.GDP.TOTL.RT.ZS","4.42078686516297","5.61912304443224","4.97871424255172","3.93315946843499","3.64258751291736","3.759922458004","2.66126540512447","2.7463117636564","3.35790726615221","3.10548562968037","2.3099544028975"
Pacific island small states,"PSS","Total natural resources rents (% of GDP)","NY.GDP.TOTL.RT.ZS","3.30810773348062","3.82539673531447","4.10441527060684","3.44402492775966","3.71524720012848","3.03661727617042","2.70147362848","4.05687770338215","4.03522823401304","3.56970793042069","3.91478914259869"
Post-demographic dividend,"PST","Total natural resources rents (% of GDP)","NY.GDP.TOTL.RT.ZS","0.893738427176944","1.11792359462776","0.793431295114368","0.771751805874969","0.681308672844224","0.328709216343875","0.355158963380241","0.489184795132459","0.625076104487973","0.600556584483753","0.440530264368094"
Pre-demographic dividend,"PRE","Total natural resources rents (% of GDP)","NY.GDP.TOTL.RT.ZS","19.3047607673643","23.7101842395354","21.7792085697048","18.579952475387","16.109813210359","10.9453827926266","11.2870047568591","14.4088500894275","16.6052374557419","13.4286056225943","9.08284688076964"
Small states,"SST","Total natural resources rents (% of GDP)","NY.GDP.TOTL.RT.ZS","5.684276770473","7.84170035873679","7.240350440251","6.28482843966835","5.34258186146255","3.90525333733476","3.0127482358744","3.33118106405232","3.97312699540178","3.69239558343813","2.82691907224577"
South Asia,"SAS","Total natural resources rents (% of GDP)","NY.GDP.TOTL.RT.ZS","4.1408155808001","4.84942629051882","3.69319465147743","3.32846307784383","2.56301669252901","1.63866841744547","1.58568533720548","1.79018456274107","2.00324012469636","1.79528138280783","1.58063875860331"
South Asia (IDA & IBRD),"TSA","Total natural resources rents (% of GDP)","NY.GDP.TOTL.RT.ZS","4.1408155808001","4.84942629051881","3.69319465147743","3.32846307784383","2.56301669252901","1.63866841744547","1.58568533720548","1.79018456274107","2.00324012469636","1.79528138280783","1.58063875860331"
Sub-Saharan Africa,"SSF","Total natural resources rents (% of GDP)","NY.GDP.TOTL.RT.ZS","12.9310359378163","15.4912553052366","13.637569244717","11.6733316107798","9.64074148688108","6.38502102993993","6.8284236118742","8.30580682120855","8.61236198928908","7.68605718661234","6.0342782573881"
Sub-Saharan Africa (excluding high income),"SSA","Total natural resources rents (% of GDP)","NY.GDP.TOTL.RT.ZS","12.8798543622609","15.463308834395","13.6130453413551","11.619429070893","9.53500217085896","6.16810892480712","6.62844880113799","8.23888306172573","8.73078757315203","7.79646700298114","6.06838899697966"
Sub-Saharan Africa (IDA & IBRD countries),"TSS","Total natural resources rents (% of GDP)","NY.GDP.TOTL.RT.ZS","12.9310359378163","15.4912553052366","13.637569244717","11.6733316107798","9.64074148688108","6.38502102993993","6.8284236118742","8.30580682120855","8.61236198928908","7.68605718661234","6.0342782573881"
Upper middle income,"UMC","Total natural resources rents (% of GDP)","NY.GDP.TOTL.RT.ZS","7.15556951546817","8.55824953689425","6.49138933796069","5.40700927249732","4.56193318229983","2.50916737680747","2.28577547089521","2.83251269131515","3.58314752957608","2.97086495740704","2.0066422712009"
World,"WLD","Total natural resources rents (% of GDP)","NY.GDP.TOTL.RT.ZS","3.6936655863215","4.82775936202134","4.07539694074466","3.64743975822925","3.15336321336577","1.7485678389546","1.56431122067287","1.99251875132746","2.53034279011438","2.18573966045158","1.49142616851194"
Afghanistan,"AFG","Total natural resources rents (% of GDP)","NY.GDP.TOTL.RT.ZS","0.62533261319642","0.836389660299977","0.684675468598181","0.603571665401867","0.542756499666634","0.469916949251438","0.617409905168126","0.702981728943138","0.855264249305936","0.682287828246046","0.305978171646739"
Albania,"ALB","Total natural resources rents (% of GDP)","NY.GDP.TOTL.RT.ZS","1.52816814295294","2.89849835443056","3.23145242472225","3.32799084447126","3.41690043441322","1.73486186826951","1.05848104238626","1.34604237945034","1.71111628143642","1.63497378546365","0.775369617467959"
Algeria,"DZA","Total natural resources rents (% of GDP)","NY.GDP.TOTL.RT.ZS","25.5383244245491","28.5812899587159","26.2525144621236","24.2231338959379","22.6123097835033","14.9252527493911","12.8191814025545","15.372392970843","20.7172028374976","18.5236789388593","14.0343770936226"
American Samoa,"ASM","Total natural resources rents (% of GDP)","NY.GDP.TOTL.RT.ZS","0","0","0","0","0","0","0","0","0","0","0"
Andorra,"AND","Total natural resources rents (% of GDP)","NY.GDP.TOTL.RT.ZS","0","0","0","0","0","0","0","0","0","0","0"
Angola,"AGO","Total natural resources rents (% of GDP)","NY.GDP.TOTL.RT.ZS","38.1623101146694","39.0226784952754","34.7310076331615","29.4000452272015","22.124247625088","13.3056748880613","20.8851202682195","25.9503299089307","32.045405604301","28.8978590593907","20.2476653863539"
Antigua and Barbuda,"ATG","Total natural resources rents (% of GDP)","NY.GDP.TOTL.RT.ZS","0","0","0","0","0","0","0","0","0","0","0"
Argentina,"ARG","Total natural resources rents (% of GDP)","NY.GDP.TOTL.RT.ZS","3.25709519384359","3.88650404225898","3.62564790864033","3.15558730477948","2.96561619466374","1.11677493458146","0.929681521135013","1.02056616793198","2.0371251352841","2.16668838721926","1.42962432529499"
Armenia,"ARM","Total natural resources rents (% of GDP)","NY.GDP.TOTL.RT.ZS","2.65466288053785","2.92345860143158","1.49013408946162","1.09715390175807","0.306948916876512","0.760031512473456","0.22181770783942","0.245815847777951","1.09866113638474","2.20100166948291","2.42190551071811"
Aruba,"ABW","Total natural resources rents (% of GDP)","NY.GDP.TOTL.RT.ZS","0.00387013761309746","0.00380977060432498","0.00340775585550675","0.00245165331607624","0.00323517161852513","0.00238765944448716","0.0033437423337293","0.00282719063862959","0.00188469168678285","0.00168011577104813","0.00303719334778541"
Australia,"AUS","Total natural resources rents (% of GDP)","NY.GDP.TOTL.RT.ZS","8.06660025617252","8.72352035944917","5.29813880381044","5.32011574075874","4.76093943711509","3.23765474517452","4.08098789525561","5.06804774011339","5.22752063881788","5.74886126457436","6.09315865556076"
Austria,"AUT","Total natural resources rents (% of GDP)","NY.GDP.TOTL.RT.ZS","0.216291377827594","0.244690493569111","0.238508218256069","0.218675365631407","0.191846540562628","0.134711076032329","0.111042441021613","0.121957004315667","0.140755073164382","0.110022913288221","0.07085049948111"
Azerbaijan,"AZE","Total natural resources rents (% of GDP)","NY.GDP.TOTL.RT.ZS","27.8844974121657","32.878647863762","29.0119697503912","25.5323883349298","22.5181229967843","14.4439997922585","14.7854023448198","19.6746501247433","27.6209320144449","23.4349054129318","13.0027347945894"
"Bahamas, The","BHS","Total natural resources rents (% of GDP)","NY.GDP.TOTL.RT.ZS","0.015294777644818","0.0133672662693222","0.0123502671887337","0.0157205965291449","0.0177506910216208","0.0142629231307782","0.0174296477466322","0.017196510578808","0.0131261113776456","0.0121899442192584","0.0192026251424872"
Bahrain,"BHR","Total natural resources rents (% of GDP)","NY.GDP.TOTL.RT.ZS","20.4621165633706","26.9949431372074","23.5822213574272","24.5336335455131","22.4113282575127","12.6346752292951","9.6486154919148","11.1603274625829","14.7513564173951","13.3637839937888","10.7041414154858"
Bangladesh,"BGD","Total natural resources rents (% of GDP)","NY.GDP.TOTL.RT.ZS","1.41590969915937","1.58942506825245","1.55456977469424","1.15168388504547","1.0471807482358","0.899813880185078","0.716140756665905","0.710420009979719","0.649238822939078","0.637717563815013","0.560867699425496"
Barbados,"BRB","Total natural resources rents (% of GDP)","NY.GDP.TOTL.RT.ZS","0.297144735120965","0.478258261538397","0.455018922008083","0.383795670096944","0.327779295536994","0.129202531392543","0.0966644797426343","0.13228226291345","0.214063429251287","0.230547661622418","0.138343276363777"
Belarus,"BLR","Total natural resources rents (% of GDP)","NY.GDP.TOTL.RT.ZS","1.2135788388197","1.6541017837394","1.72782026745452","1.43580105606","1.32461564136151","1.16867046065759","1.24276957113325","1.56417583319201","1.98128406238056","1.66960534709783","1.52063831654103"
Belgium,"BEL","Total natural resources rents (% of GDP)","NY.GDP.TOTL.RT.ZS","0.046971721948549","0.0658456068279226","0.0633726115847057","0.0591221259863187","0.0681065559752469","0.0352518039794327","0.0303780062977737","0.0371502006793434","0.0484487814693338","0.0422427798272169","0.0284876381171316"
Belize,"BLZ","Total natural resources rents (% of GDP)","NY.GDP.TOTL.RT.ZS","4.21853544863999","5.75130266465738","3.9491024337509","2.7478714589422","2.06063048735068","0.832694636763692","0.707884094800211","0.740544655771488","0.796890251194486","0.584709328866043","0.478914006262091"
Benin,"BEN","Total natural resources rents (% of GDP)","NY.GDP.TOTL.RT.ZS","3.42232994008176","3.47893234434337","3.92162835813785","3.56116585676154","3.70461552370497","4.30030313599698","4.4537224695981","4.09835325309901","2.60830727598415","2.46799590195586","2.42798483756811"
Bermuda,"BMU","Total natural resources rents (% of GDP)","NY.GDP.TOTL.RT.ZS","0","0","0","0","0","0","0","0","0","0","0"
Bhutan,"BTN","Total natural resources rents (% of GDP)","NY.GDP.TOTL.RT.ZS","5.30448103550043","4.92099178553179","4.25283283104005","3.47642434931993","3.4188576402575","4.0282954127605","4.43640193256866","3.36403341231926","1.98850743903733","2.1900698281611","2.79203234949683"
Bolivia,"BOL","Total natural resources rents (% of GDP)","NY.GDP.TOTL.RT.ZS","9.16161212209317","14.001095606139","12.3531411069095","11.9598682861297","10.5328802221264","4.11807754841214","2.97275312620724","5.01456692473101","5.37166725772886","4.09529358747088","2.7203797976672"
Bosnia and Herzegovina,"BIH","Total natural resources rents (% of GDP)","NY.GDP.TOTL.RT.ZS","2.72228942887324","3.52625270170032","2.2205854902667","1.76161048085692","1.23632273750299","1.0186279504412","1.04695668588363","1.28162139967933","1.05259180342277","0.800756928062343","0.7812488464624"
Botswana,"BWA","Total natural resources rents (% of GDP)","NY.GDP.TOTL.RT.ZS","2.10519505915873","1.89428505199175","2.25863530970605","1.42514080375562","0.927757760163875","0.804774555171728","0.762292638118151","0.880112468848718","0.869694754311434","0.656053805525875","0.675042393475679"
Brazil,"BRA","Total natural resources rents (% of GDP)","NY.GDP.TOTL.RT.ZS","3.64871282999395","4.33686638966397","3.85552495977285","3.78686028400519","3.28623279487755","2.35832735012319","2.43013532231265","2.73375767842298","3.61759120230309","3.21717303299592","3.22987656043381"
British Virgin Islands,"VGB","Total natural resources rents (% of GDP)","NY.GDP.TOTL.RT.ZS","NA","NA","NA","NA","NA","NA","NA","NA","NA","NA","NA"
Brunei Darussalam,"BRN","Total natural resources rents (% of GDP)","NY.GDP.TOTL.RT.ZS","26.7152441963854","29.6086211413466","25.2092889599313","21.4732323194006","22.0986474634681","18.8982989274798","15.6737709259074","17.1505902720615","22.5076667399112","20.8493177212138","13.7524545777569"
Bulgaria,"BGR","Total natural resources rents (% of GDP)","NY.GDP.TOTL.RT.ZS","1.67975403719023","2.14267004784609","1.60464880529568","1.1076323174832","0.784766836474764","0.6587242316101","0.526340830586215","0.749247066231762","0.678372706778028","0.580269555247755","0.618935967577506"
Burkina Faso,"BFA","Total natural resources rents (% of GDP)","NY.GDP.TOTL.RT.ZS","11.0860921412972","13.6361933357251","12.4016028413011","10.7523406528446","10.3109055603822","11.6328502278275","12.6155172354896","12.3099089646115","8.87619594401664","8.32797318460633","9.17782687692865"
Burundi,"BDI","Total natural resources rents (% of GDP)","NY.GDP.TOTL.RT.ZS","23.8533757417192","24.9891589486881","17.5501999315408","17.7328553188701","17.4547483367972","15.5344531520944","19.1016499815056","18.5076749744059","13.4317629933204","13.1274376353104","13.8475521568267"
Cabo Verde,"CPV","Total natural resources rents (% of GDP)","NY.GDP.TOTL.RT.ZS","33.2873704914624","40.1340983255841","25.055847063546","16.5579387748728","12.0093542433174","9.49812397150104","10.1923207968108","12.3203094483764","14.343668170972","13.1611296712207","11.5827986817016"
Cambodia,"KHM","Total natural resources rents (% of GDP)","NY.GDP.TOTL.RT.ZS","2.69595952988072","3.05094914293833","2.30628839011523","1.91421458050803","2.54882052672262","1.81768657277543","1.84795765204296","1.93735308627642","0.878243793336486","0.714485690319546","0.939357675669705"
Cameroon,"CMR","Total natural resources rents (% of GDP)","NY.GDP.TOTL.RT.ZS","6.92041886170631","8.16416608406496","8.40581417479506","7.33302882488587","7.03590731300358","5.63563339959601","5.36737216526029","6.08352640758934","6.10463986256462","5.55584424286198","4.34202268521826"
Canada,"CAN","Total natural resources rents (% of GDP)","NY.GDP.TOTL.RT.ZS","2.12754227247051","2.59347020768665","1.44307674491624","1.71420267216183","1.68853293506066","0.332933838108915","0.786494936523475","1.19690470285221","1.79820431653194","1.93317583033348","1.24181874632923"
Cayman Islands,"CYM","Total natural resources rents (% of GDP)","NY.GDP.TOTL.RT.ZS","0","0","0","0","0","0","0","0","0","0","0"
Central African Republic,"CAF","Total natural resources rents (% of GDP)","NY.GDP.TOTL.RT.ZS","7.89856275992667","8.45049853159435","9.16768384336065","13.29568815319","11.2660722533116","12.6926233912315","13.0582628938186","13.4175903775497","11.1787424768372","9.81112301862311","9.88532886509892"
Chad,"TCD","Total natural resources rents (% of GDP)","NY.GDP.TOTL.RT.ZS","23.7814056347722","28.1688125971144","24.7933556227023","20.0436304196548","15.6882203824047","11.9712071081449","13.110061160108","16.8846139020106","20.9399413766231","19.6499588651766","13.9330901678111"
Channel Islands,"CHI","Total natural resources rents (% of GDP)","NY.GDP.TOTL.RT.ZS","NA","NA","NA","NA","NA","NA","NA","NA","NA","NA","NA"
Chile,"CHL","Total natural resources rents (% of GDP)","NY.GDP.TOTL.RT.ZS","11.9881628362203","12.1645185437385","9.05442637303188","7.66232423505302","6.87780503013052","4.04461870413776","3.20569572328577","5.30261792520974","5.83707726201581","2.56889266052365","5.48716936741024"
China,"CHN","Total natural resources rents (% of GDP)","NY.GDP.TOTL.RT.ZS","6.2867264165298","7.68520289897261","4.0884931932087","2.98307168349706","2.31013480472694","1.17476659078236","1.0524740832802","1.31423766724865","1.42518421392494","1.26691367576973","0.863774740928771"
Colombia,"COL","Total natural resources rents (% of GDP)","NY.GDP.TOTL.RT.ZS","6.70109253013503","9.86049155221695","8.29683079092449","7.3843393604104","6.53057789835517","3.70587614553491","3.09947714544169","3.72823321108347","4.940258188938","4.30433092902696","2.55119417609951"
Comoros,"COM","Total natural resources rents (% of GDP)","NY.GDP.TOTL.RT.ZS","1.59344239758779","1.63354218561465","1.91653686564634","1.84106336379863","1.97695678379704","2.46576426845081","2.50675650816682","2.36385311111587","1.55194278873705","1.48652356146246","1.59920965443734"
"Congo, Dem. Rep.","COD","Total natural resources rents (% of GDP)","NY.GDP.TOTL.RT.ZS","25.9608846428413","28.8830474855316","27.1229704627568","25.746219512295","24.5568779878184","20.1093927301662","20.5721227000572","24.7656558437341","18.4167757889728","12.7500585788424","15.9281973313702"
"Congo, Rep.","COG","Total natural resources rents (% of GDP)","NY.GDP.TOTL.RT.ZS","43.9398414162223","51.8437302128778","41.3573491386651","33.1448495573332","27.6582312920434","15.885704604199","17.0000392659621","29.8063807729514","42.6682046537325","39.2430391553175","26.2181324216101"
Costa Rica,"CRI","Total natural resources rents (% of GDP)","NY.GDP.TOTL.RT.ZS","1.62716715850808","1.26384990129987","1.2425772572914","1.34122901696494","1.387670718648","1.13397448273593","1.23322083330008","1.13383955527767","0.945537295658598","0.759689840900586","0.904748239780319"
Cote d'Ivoire,"CIV","Total natural resources rents (% of GDP)","NY.GDP.TOTL.RT.ZS","4.33013803473931","5.53239950172039","5.36757176448081","4.15503587681362","3.41935511091434","3.07259669730878","3.23053071841614","3.38876801583982","3.10996909544373","2.95827158248838","2.59163858078542"
Croatia,"HRV","Total natural resources rents (% of GDP)","NY.GDP.TOTL.RT.ZS","0.917408126030443","1.29394046574726","1.2944420673614","1.1084798242986","0.867348745330344","0.698157062296322","0.511310613664342","0.658339390527416","0.773060031000923","0.619466125649912","0.439094632914067"
Cuba,"CUB","Total natural resources rents (% of GDP)","NY.GDP.TOTL.RT.ZS","2.69060313010367","2.92694825350704","2.18752036209115","1.71188160483376","1.66734771791981","0.693800859230045","0.469100172114536","0.66367803344131","1.10185419907902","0.920750895009186","0.565351678337536"
Curacao,"CUW","Total natural resources rents (% of GDP)","NY.GDP.TOTL.RT.ZS","NA","0","0","0","0","0","0","0","0","0","0"
Cyprus,"CYP","Total natural resources rents (% of GDP)","NY.GDP.TOTL.RT.ZS","0.0445722498723438","0.0717517642796192","0.072728856527206","0.0449091633428491","0.0348718589179378","0.0198578971713362","0.00147131380581406","0.0053914863858221","0.00469231201910547","0.00361325176711909","0.0079310862289615"
Czechia,"CZE","Total natural resources rents (% of GDP)","NY.GDP.TOTL.RT.ZS","0.965734444102689","1.07008711032612","0.640579925432997","0.382852117100547","0.345428962074698","0.314061907144002","0.310276297011828","0.372292874562504","0.389418621280193","0.399790319341053","0.416571327081177"
Denmark,"DNK","Total natural resources rents (% of GDP)","NY.GDP.TOTL.RT.ZS","1.21806959470816","1.63537891856148","1.52209845823621","1.17608346343677","0.983209243067839","0.521484568638432","0.342477974632511","0.470200711781742","0.587862611976543","0.446224762644461","0.162332732247836"
Djibouti,"DJI","Total natural resources rents (% of GDP)","NY.GDP.TOTL.RT.ZS","0.838156180608274","0.888463490648047","0.945907199473507","0.526727088783967","0.788998443214345","0.662618364843773","0.484424417766637","0.571398008790601","0.278959298930402","0.358531614173272","0.322148755925581"
Dominica,"DMA","Total natural resources rents (% of GDP)","NY.GDP.TOTL.RT.ZS","0.0491548799650004","0.0412282999821639","0.0414520814234463","0.0539374373872897","0.0651451844425706","0.0474677077229137","0.0602343950060558","0.0559454272358846","0.0348243046150246","0.0284260300710226","0.0462893309270096"
Dominican Republic,"DOM","Total natural resources rents (% of GDP)","NY.GDP.TOTL.RT.ZS","0.172400177111422","0.340210817624619","0.446840708804603","1.02972097005091","1.03750954514513","0.535347858231712","1.2819479321571","1.03534454096242","0.868889463505184","1.05544444208182","1.23931109405337"
Ecuador,"ECU","Total natural resources rents (% of GDP)","NY.GDP.TOTL.RT.ZS","11.7907315375663","16.5773760059007","14.5265186334151","12.8813253368088","11.5903571785583","4.63202397853143","3.75806780861528","4.98372023451617","7.0964207852671","5.82070104913459","2.92430668533391"
"Egypt, Arab Rep.","EGY","Total natural resources rents (% of GDP)","NY.GDP.TOTL.RT.ZS","9.45061556541184","12.3388401952225","10.7454978351353","9.78188256424924","8.43222797439408","4.12906894708286","3.20908060820144","5.69886428656261","7.59656355901849","5.72496131230483","3.25774327235436"
El Salvador,"SLV","Total natural resources rents (% of GDP)","NY.GDP.TOTL.RT.ZS","1.02874215933074","0.832361782908174","0.771015636279707","0.938918673106463","1.0550593254644","0.850742982932215","1.0221138126124","0.88816041131789","0.663649690465912","0.562349124959244","0.764177304476048"
Equatorial Guinea,"GNQ","Total natural resources rents (% of GDP)","NY.GDP.TOTL.RT.ZS","36.311150239718","37.6841563581666","39.0027634245776","33.3474569225038","27.1072398964958","17.5005073478909","16.4599653575836","21.9589067386853","27.8023533090755","25.4372801609757","16.6815988795919"
Eritrea,"ERI","Total natural resources rents (% of GDP)","NY.GDP.TOTL.RT.ZS","2.52187707517148","26.9562621368195","NA","NA","NA","NA","NA","NA","NA","NA","NA"
Estonia,"EST","Total natural resources rents (% of GDP)","NY.GDP.TOTL.RT.ZS","1.55961226751735","1.78519042769438","1.97052610513419","1.79924267656066","1.76557781311429","1.44592002735328","1.24687276023764","1.73343641223467","2.01785330968871","1.80772963579084","1.43024326219824"
Eswatini,"SWZ","Total natural resources rents (% of GDP)","NY.GDP.TOTL.RT.ZS","2.3895930131961","2.64276236861755","4.18067033297096","4.50064467722075","3.43977917921013","3.40740844429257","4.60471033148777","4.03940046980401","3.14380015317315","3.2760764754406","3.38164464300091"
Ethiopia,"ETH","Total natural resources rents (% of GDP)","NY.GDP.TOTL.RT.ZS","15.8199957578791","17.4282532150132","14.9281805721075","14.0104012014584","13.3844820157845","12.1932229078984","11.2339790417281","9.87787063669115","6.36887574699294","5.50373971369559","5.49770060254135"
Faroe Islands,"FRO","Total natural resources rents (% of GDP)","NY.GDP.TOTL.RT.ZS","0","0","0","0","0","0","0","0","0","0","0"
Fiji,"FJI","Total natural resources rents (% of GDP)","NY.GDP.TOTL.RT.ZS","2.20907223915836","1.96316771746732","2.02960687281076","1.35539287248447","1.17576954969857","1.040825064872","1.01936465398214","1.26650249477929","1.19164257504239","1.15438142466978","1.45148578020456"
Finland,"FIN","Total natural resources rents (% of GDP)","NY.GDP.TOTL.RT.ZS","0.504266194230253","0.532649114502575","0.577535778021198","0.498563334062492","0.483087058776792","0.445868402403852","0.410118656271692","0.453771651187102","0.563372986587861","0.365206984679912","0.289254242774969"
France,"FRA","Total natural resources rents (% of GDP)","NY.GDP.TOTL.RT.ZS","0.0546571274665138","0.0486924296380263","0.0483609619788124","0.0481698364814291","0.0462251783929265","0.040991340666787","0.0401901593813067","0.0362250443838789","0.0429051117731693","0.0337878193709454","0.0266318650223516"
French Polynesia,"PYF","Total natural resources rents (% of GDP)","NY.GDP.TOTL.RT.ZS","0.00376946842807292","0.00445979228108619","0.00440591554696973","0.00393738902973948","0.00535731271800958","0.00480407187747372","0.00509988947957939","0.00585109251958065","0.00356522146444518","0.0033458094981088","0.0040573140478639"
Gabon,"GAB","Total natural resources rents (% of GDP)","NY.GDP.TOTL.RT.ZS","35.6548863864577","39.1459946806966","40.6293332424739","32.806984483505","24.7540184011901","12.5534347249347","11.6621945364629","17.699784026005","21.16026297404","19.1754988018892","13.4988249621846"
"Gambia, The","GMB","Total natural resources rents (% of GDP)","NY.GDP.TOTL.RT.ZS","3.03032430579774","4.46743879941924","5.78123297887422","5.90666401996967","5.2409154628157","5.55888177634649","6.56105812711213","6.49323709656864","2.72252448983926","2.81390983977653","3.03439304457224"
Georgia,"GEO","Total natural resources rents (% of GDP)","NY.GDP.TOTL.RT.ZS","1.33825248615574","1.89851691683121","1.08428994137279","0.797121774570139","0.522067118215896","0.53409410608162","0.572435838705115","0.472314027913239","0.451235879680756","0.603605792551493","0.925523673088172"
Germany,"DEU","Total natural resources rents (% of GDP)","NY.GDP.TOTL.RT.ZS","0.195522369883906","0.228554942117436","0.1648561931117","0.12505562713457","0.0973612592499159","0.0760120087289006","0.0642202510440344","0.0682636663146081","0.0847654608298758","0.0926260316690242","0.0767453976974352"
Ghana,"GHA","Total natural resources rents (% of GDP)","NY.GDP.TOTL.RT.ZS","10.1146292384946","16.0706874677608","15.8226771827735","10.8892140729202","12.249534681472","10.5635168212992","8.64980290681468","10.3700404312643","9.7904078745383","9.76736656039863","8.48657958474163"
Gibraltar,"GIB","Total natural resources rents (% of GDP)","NY.GDP.TOTL.RT.ZS","NA","NA","NA","NA","NA","NA","NA","NA","NA","NA","NA"
Greece,"GRC","Total natural resources rents (% of GDP)","NY.GDP.TOTL.RT.ZS","0.271313475376967","0.357427754438088","0.234074144784244","0.161354239227532","0.12477838312053","0.0713511198951637","0.0905977627072228","0.107741216363758","0.107923693978732","0.0704760678864166","0.0388459707205932"
Greenland,"GRL","Total natural resources rents (% of GDP)","NY.GDP.TOTL.RT.ZS","0","0.114611409396534","0.353875743048762","0.0190935869044509","0","0","0","0","0","0","0"
Grenada,"GRD","Total natural resources rents (% of GDP)","NY.GDP.TOTL.RT.ZS","0","0","0","0","0","0","0","0","0","0","0"
Guam,"GUM","Total natural resources rents (% of GDP)","NY.GDP.TOTL.RT.ZS","0","0","0","0","0","0","0","0","0","0","0"
Guatemala,"GTM","Total natural resources rents (% of GDP)","NY.GDP.TOTL.RT.ZS","2.6452084845277","2.86196592041548","2.18105907544831","2.18983261245163","2.98111660499136","1.78572375354011","2.01829626064269","1.50289202380162","1.19385178218072","1.14790981503494","1.35250209053897"
Guinea,"GIN","Total natural resources rents (% of GDP)","NY.GDP.TOTL.RT.ZS","15.2920806038969","18.1995114826407","16.6316633604097","14.2501576757042","14.9319543061707","14.1138586026586","18.1063644814226","18.9531246230915","13.7023759938136","4.65794341633325","4.8276880509577"
Guinea-Bissau,"GNB","Total natural resources rents (% of GDP)","NY.GDP.TOTL.RT.ZS","14.9307329026999","13.2487755763413","17.1198567468218","16.9399233052409","18.6987838921976","19.8714177012089","18.7015046109056","15.9857332638944","9.88886799180997","9.94740073583492","11.1515860354561"
Guyana,"GUY","Total natural resources rents (% of GDP)","NY.GDP.TOTL.RT.ZS","14.592203974554","16.5317662843372","16.5328031367272","13.9424805340938","10.7965827875901","8.56443283798628","16.0895528527279","13.161642595363","6.60863781746129","5.96249594118667","13.8985430832365"
Haiti,"HTI","Total natural resources rents (% of GDP)","NY.GDP.TOTL.RT.ZS","0.665741356287765","0.530247287448995","0.493447395435744","0.586507266755589","0.699288591917661","0.574767533630933","0.790216838420377","0.657342723836906","0.44034486815939","0.443318678876138","0.577844130610775"
Honduras,"HND","Total natural resources rents (% of GDP)","NY.GDP.TOTL.RT.ZS","2.36463288147641","1.7044807548954","1.63060548730794","1.78208817924239","2.2661279184441","1.56846231223826","2.01566335667541","1.72906722467945","1.07184110988038","0.916855208806467","1.23326098347167"
"Hong Kong SAR, China","HKG","Total natural resources rents (% of GDP)","NY.GDP.TOTL.RT.ZS","0.00207769698047783","0.00836942973155063","0.00233967746770346","0.00380877580925821","0.0173546989496714","0.00132324181590028","0.00136992350320175","0.00161903902082238","0.00106133601917033","0.000885726237364786","0.000887798126199827"
Hungary,"HUN","Total natural resources rents (% of GDP)","NY.GDP.TOTL.RT.ZS","0.502154293766183","0.675554220375786","0.61841992081818","0.507806206790584","0.403352372971262","0.285147410110642","0.227029691782411","0.282558589313256","0.347622949150536","0.303895061476493","0.204655214271402"
Iceland,"ISL","Total natural resources rents (% of GDP)","NY.GDP.TOTL.RT.ZS","0","0.000381433858879967","0.000359195529289947","0.000366094154813878","0.000347132787240568","0.000299591985536916","0.000252335387007271","0.000217386585292874","0.000196537396162221","0.000108843842062041","0.00010879409889394"
India,"IND","Total natural resources rents (% of GDP)","NY.GDP.TOTL.RT.ZS","4.49751864332879","5.30507567095095","4.02383769335832","3.67308833438322","2.81368985123428","1.77764002432658","1.74839023532939","1.98393401607656","2.25531632110711","2.01224538396897","1.78466920695081"
Indonesia,"IDN","Total natural resources rents (% of GDP)","NY.GDP.TOTL.RT.ZS","7.13560902238893","8.5631139337506","5.94561486320563","5.38990903395495","4.79162103687978","3.08136736381978","2.66818993930963","3.08016177152276","4.21663374449654","3.23583967668836","2.43866732275102"
"Iran, Islamic Rep.","IRN","Total natural resources rents (% of GDP)","NY.GDP.TOTL.RT.ZS","23.0680430493324","25.3461464486072","21.1187189284557","24.9467390294435","24.8607811408678","15.2302994765894","13.1358103039789","17.4677964309489","34.2395948033408","27.8006661533715","23.2391718001181"
Iraq,"IRQ","Total natural resources rents (% of GDP)","NY.GDP.TOTL.RT.ZS","43.5682899383508","51.1945404105542","49.8510176490635","45.579366576846","46.8543961454295","37.5037172137922","33.2189217237902","39.2005542312932","46.1477869076682","40.609902398822","27.4170131896725"
Ireland,"IRL","Total natural resources rents (% of GDP)","NY.GDP.TOTL.RT.ZS","0.108587847065061","0.0962427963966132","0.058557220023201","0.0370891175584479","0.0353958706182933","0.0187707084805869","0.0652248713159719","0.112833072357874","0.126075695067046","0.0671703776701016","0.0367626864571587"
Isle of Man,"IMN","Total natural resources rents (% of GDP)","NY.GDP.TOTL.RT.ZS","0","0","0","0","0","0","0","0","0","0","NA"
Israel,"ISR","Total natural resources rents (% of GDP)","NY.GDP.TOTL.RT.ZS","0.173972024779987","0.280630419352341","0.270058995740021","0.262662457508262","0.240636647906702","0.225690565978892","0.184759592739644","0.175795530138224","0.243287805206997","0.189655855195189","0.272440677318125"
Italy,"ITA","Total natural resources rents (% of GDP)","NY.GDP.TOTL.RT.ZS","0.107793453561972","0.156005817179348","0.169645844218462","0.155477399468545","0.138451592682719","0.0819093188563771","0.0473051811205066","0.0639986448910056","0.0992013245530201","0.0824926231070219","0.0559705463881882"
Jamaica,"JAM","Total natural resources rents (% of GDP)","NY.GDP.TOTL.RT.ZS","1.66861545913939","2.25616145768344","1.83117834623622","1.78135528369404","1.78235182739347","1.26600183802715","1.28914557442918","1.52838623760003","1.72957545790371","0.364234398807819","0.32243252555047"
Japan,"JPN","Total natural resources rents (% of GDP)","NY.GDP.TOTL.RT.ZS","0.0200968819164694","0.0216769702777793","0.0200901706635674","0.0232126866090988","0.0280708839630582","0.0289687122696025","0.0251768652546394","0.0384458694582766","0.0367554022408906","0.0932286615908601","0.0969972012044505"
Jordan,"JOR","Total natural resources rents (% of GDP)","NY.GDP.TOTL.RT.ZS","1.66596420639584","3.31767245058233","2.90847924194887","1.27909933438596","1.19542288638141","1.39974257822882","1.12573697471708","0.869000683008148","0.719072817629181","0.0428576620025569","0.0516759121146319"
Kazakhstan,"KAZ","Total natural resources rents (% of GDP)","NY.GDP.TOTL.RT.ZS","21.7441441579602","25.7688205419371","21.9826967680593","18.2187488150502","17.2500802611251","9.32876500546085","11.0336820575133","14.897596398127","20.7829646926253","17.9259738525419","12.8406951964892"
Kenya,"KEN","Total natural resources rents (% of GDP)","NY.GDP.TOTL.RT.ZS","2.67307931109746","2.9431872828815","2.90888320855534","2.66940200706872","2.64310943602707","2.70967011611946","2.65839831359762","2.31435620783369","1.36132463517161","1.22718421158535","1.26881196888613"
Kiribati,"KIR","Total natural resources rents (% of GDP)","NY.GDP.TOTL.RT.ZS","0.0626677431300746","0.0736138842102225","0.0589178981070894","0.0557002717308784","0.0889050775265575","0.0732783582600832","0.0826063804854857","0.0929519614955758","0.0420866204186192","0.0427412418710569","0.0569939081063946"
"Korea, Dem. People's Rep.","PRK","Total natural resources rents (% of GDP)","NY.GDP.TOTL.RT.ZS","NA","NA","NA","NA","NA","NA","NA","NA","NA","NA","NA"
"Korea, Rep.","KOR","Total natural resources rents (% of GDP)","NY.GDP.TOTL.RT.ZS","0.0746400306743559","0.0914175988735794","0.100818097512262","0.0723717153476114","0.0640735784174601","0.0367480142308671","0.0331101931364819","0.0386022741681957","0.0471215171527114","0.121453005220381","0.113270922936166"
Kosovo,"XKX","Total natural resources rents (% of GDP)","NY.GDP.TOTL.RT.ZS","2.55556688241113","2.41955836525131","0.984751666231743","0.528578459655645","0.522780519330801","0.345818043207918","0.394911793338711","0.559517101853948","0.582555742632103","0.403302686372993","0.405629883811269"
Kuwait,"KWT","Total natural resources rents (% of GDP)","NY.GDP.TOTL.RT.ZS","48.8263605663801","59.0696960166924","58.1449073185752","56.3426547447197","53.9714223132032","37.3135995019662","32.3641255908565","36.7579336114171","45.1522896110691","39.8386703389064","29.2848672951013"
Kyrgyz Republic,"KGZ","Total natural resources rents (% of GDP)","NY.GDP.TOTL.RT.ZS","9.80889830136341","10.2034319238732","3.5809218517523","5.71912349278664","4.07203515798825","4.25309870186703","5.61349048423669","8.75574116357044","4.67048081477686","7.24320231053747","6.52758010092793"
Lao PDR,"LAO","Total natural resources rents (% of GDP)","NY.GDP.TOTL.RT.ZS","14.8104375708519","15.2722808030825","12.1203041098296","12.5380892460783","8.12984913076319","5.52476230566431","4.35259193269181","4.97088233452954","3.8787583779558","3.10453941803438","2.81746694955522"
Latvia,"LVA","Total natural resources rents (% of GDP)","NY.GDP.TOTL.RT.ZS","1.28308782693054","1.3327725371957","1.43134807722777","1.14413699673137","1.13104352407128","1.00340965640665","0.983550850681886","1.20722108099256","1.07351315071964","1.18938805075522","1.27458711674516"
Lebanon,"LBN","Total natural resources rents (% of GDP)","NY.GDP.TOTL.RT.ZS","0.00188079916555357","0.00193498198500856","0.00190477725937707","0.0015553293883068","0.00229376123243399","0.00228828375146288","0.0013728364357897","0.00199555625750973","0.00106750721286952","0.00131340504601898","0.00223718784227487"
Lesotho,"LSO","Total natural resources rents (% of GDP)","NY.GDP.TOTL.RT.ZS","3.93439968984273","3.88951380908295","4.7058759222187","5.10158145699247","5.59052228450031","6.21135692867531","7.27012601835192","6.29773888103094","3.60958084633478","3.73425482845294","4.55548495060365"
Liberia,"LBR","Total natural resources rents (% of GDP)","NY.GDP.TOTL.RT.ZS","18.3646624868945","23.2729658968842","26.7116015359801","28.3711783328734","26.1806367790867","19.4462580281234","20.1143619477823","21.3240563239483","14.0250297312743","14.2604895547102","17.4661654481066"
Libya,"LBY","Total natural resources rents (% of GDP)","NY.GDP.TOTL.RT.ZS","55.9661611105459","37.5617320657366","59.1030408512754","47.7413993201726","31.016947831293","16.3921988648858","12.2468654255016","22.1587604827104","31.6168598912657","34.4990280272661","11.4789831280341"
Liechtenstein,"LIE","Total natural resources rents (% of GDP)","NY.GDP.TOTL.RT.ZS","0.00924063538213154","0.00817289068062751","0.00655238694776474","0.0052938315075899","0.00599288437231091","0.00194110894161873","0.00207232625568761","0.00186506931005221","0.00327838093890037","0.00179668932945333","0.00147146668515006"
Lithuania,"LTU","Total natural resources rents (% of GDP)","NY.GDP.TOTL.RT.ZS","0.524773473420892","0.55272441723569","0.50334215016971","0.451433196719953","0.435666728185002","0.355871871770943","0.3377588483904","0.408008846501474","0.378395633092732","0.334182488318804","0.310782585398606"
Luxembourg,"LUX","Total natural resources rents (% of GDP)","NY.GDP.TOTL.RT.ZS","0.072919743736028","0.111627780528827","0.124315483837715","0.0654807999878363","0.0511247766010698","0.0121647269251085","0.0100663139177463","0.00960957126949073","0.0131614123128893","0.00887356762506664","0.00666359766515693"
"Macao SAR, China","MAC","Total natural resources rents (% of GDP)","NY.GDP.TOTL.RT.ZS","0.000905336110860392","0.000918692177244038","0.000637773144866662","0.0005215709086089","0.000707754579992928","0.000676701941454292","0.000766339291005204","0.000816577243915305","0.000378495372010862","0.000345302748769397","0.00092361911978552"
Madagascar,"MDG","Total natural resources rents (% of GDP)","NY.GDP.TOTL.RT.ZS","5.80844502636667","5.89544167157359","6.69129717051904","6.77436297702956","7.17890334828133","8.60993537983163","8.77277190379424","7.63973631390415","5.16989441363436","4.7078522848274","5.65950524677075"
Malawi,"MWI","Total natural resources rents (% of GDP)","NY.GDP.TOTL.RT.ZS","6.02572508561474","5.97687719996186","8.95123535585595","10.1501360274794","9.61846301856776","8.89901041042248","10.9739875833904","7.00371862797528","5.20814805353589","4.24376277062568","4.09928170325885"
Malaysia,"MYS","Total natural resources rents (% of GDP)","NY.GDP.TOTL.RT.ZS","9.61503786168569","9.94490616865965","9.20599203286687","8.46715106760802","8.64507399532146","6.5709120658644","5.20040474859063","6.23600042741287","7.32744449685636","6.19635932474839","4.54156531962687"
Maldives,"MDV","Total natural resources rents (% of GDP)","NY.GDP.TOTL.RT.ZS","0.00896594439349319","0.00907113430846529","0.00753577980631292","0.0053091845265809","0.00517496156762446","0.00586919819938419","0.00663326999058831","0.00525091904016801","0.00258396462676911","0.00274890529404401","0.00502406983438185"
Mali,"MLI","Total natural resources rents (% of GDP)","NY.GDP.TOTL.RT.ZS","7.66975245102324","8.91011559605289","12.1110881558093","8.51315574828752","7.24892090404468","7.42711000514874","8.99083015150657","7.81614668872422","7.74269774600288","7.85842877214771","9.46967710138959"
Malta,"MLT","Total natural resources rents (% of GDP)","NY.GDP.TOTL.RT.ZS","0","0","0","0","0","0","0","0","0","0","0"
Marshall Islands,"MHL","Total natural resources rents (% of GDP)","NY.GDP.TOTL.RT.ZS","0","0","0","0","0","0","0","0","0","0","0"
Mauritania,"MRT","Total natural resources rents (% of GDP)","NY.GDP.TOTL.RT.ZS","33.2699514566613","30.8504418081025","21.4879263870309","16.9330193063232","13.1805355570468","6.19132704450206","8.04558334879584","9.09659277147784","2.808310001036","2.61191416207025","2.43870903966116"
Mauritius,"MUS","Total natural resources rents (% of GDP)","NY.GDP.TOTL.RT.ZS","0.0974197638212974","0.11394942379722","0.0967703151522881","0.0778091714247043","0.0835433781723541","0.0279823507404004","0.0271234375700913","0.00339252211144264","0.00240720178247387","0.00235978741871314","0.00262996135685098"
Mexico,"MEX","Total natural resources rents (% of GDP)","NY.GDP.TOTL.RT.ZS","4.9517973655552","7.12685649981166","6.64761771453207","5.63992841356242","4.74356172979305","2.18360553071428","1.97524669608099","2.36148896456378","2.8911069990433","2.09126302062882","1.55983378352436"
"Micronesia, Fed. Sts.","FSM","Total natural resources rents (% of GDP)","NY.GDP.TOTL.RT.ZS","0.0272732816714997","0.0354254343191027","0.0282034652210159","0.0266740121867941","0.0406003278508593","0.032192134954101","0.0360496232316334","0.0385320066214341","0.0165045161037463","0.0147433271606052","0.0200730721927284"
Moldova,"MDA","Total natural resources rents (% of GDP)","NY.GDP.TOTL.RT.ZS","0.13247898619691","0.168687807572078","0.168529747001159","0.282675631947635","0.305194557556724","0.329718543865743","0.268595627765572","0.260534449680804","0.262039473546905","0.249756859922812","0.245939852669041"
Monaco,"MCO","Total natural resources rents (% of GDP)","NY.GDP.TOTL.RT.ZS","0","0","0","0","0","0","0","0","0","0","0"
Mongolia,"MNG","Total natural resources rents (% of GDP)","NY.GDP.TOTL.RT.ZS","35.907762365776","42.2166543859938","22.2729540576189","18.6702255850788","16.08653421855","9.87899879376714","10.050012393618","17.0883999734036","19.8676151919941","14.7739570464507","13.4736928829141"
Montenegro,"MNE","Total natural resources rents (% of GDP)","NY.GDP.TOTL.RT.ZS","1.13777818472308","1.44368759270254","0.935069599243676","0.672962195676965","0.781260837765096","0.731313641257514","0.837536371542947","1.33941998042343","0.837441665171651","0.616491593549262","0.723002993565649"
Morocco,"MAR","Total natural resources rents (% of GDP)","NY.GDP.TOTL.RT.ZS","5.52351711568337","7.44006663292583","6.48582252084039","4.55138703939471","3.52679771804417","2.61402225287558","2.89821223160529","3.29989896331367","2.41389789515822","0.321780512925498","0.296128236742874"
Mozambique,"MOZ","Total natural resources rents (% of GDP)","NY.GDP.TOTL.RT.ZS","10.2684840762505","11.3709466025082","11.9192598207508","11.6325534065914","11.9039028509476","12.2160721685778","16.3133886142564","18.0510410834352","16.3975888133586","12.6767242973038","11.8639361284365"
Myanmar,"MMR","Total natural resources rents (% of GDP)","NY.GDP.TOTL.RT.ZS","7.98804207462158","7.3614633514873","5.95623957618071","5.85283366421301","7.88242876018736","6.61317909325215","6.8108721648708","7.82010371696471","6.70278022169487","5.88188183004994","4.66301426840348"
Namibia,"NAM","Total natural resources rents (% of GDP)","NY.GDP.TOTL.RT.ZS","2.39089689019764","2.071941381811","1.73059224032469","1.17402632983259","1.64153563776896","1.8752743624842","2.60379046438201","3.35579400030648","1.26282912430688","1.43731396410693","1.93029383948291"
Nauru,"NRU","Total natural resources rents (% of GDP)","NY.GDP.TOTL.RT.ZS","NA","NA","NA","0","0","0","0","0","0","0","0"
Nepal,"NPL","Total natural resources rents (% of GDP)","NY.GDP.TOTL.RT.ZS","1.47229700729972","1.11680132754903","0.967618550144898","0.844770803744654","0.860719085973924","0.934890235914136","1.03122054018578","0.703261897013786","0.424156459923021","0.446189344690663","0.522630900968538"
Netherlands,"NLD","Total natural resources rents (% of GDP)","NY.GDP.TOTL.RT.ZS","0.762696109172764","1.02062784943271","1.13202011724154","1.11989801648239","0.689866623445569","0.442606663458837","0.251209116098856","0.283564780405105","0.355103573458477","0.218267467639851","0.0837440351956371"
New Caledonia,"NCL","Total natural resources rents (% of GDP)","NY.GDP.TOTL.RT.ZS","5.29439177747213","4.13080410068162","0.0114496916463885","0.0105325049427626","0.0126797653775496","0.0128159191409519","0.013426159178997","0.0171317828341953","0.970193483384602","0.0122251541031086","0.0127156723522875"
New Zealand,"NZL","Total natural resources rents (% of GDP)","NY.GDP.TOTL.RT.ZS","2.1224362002947","2.19427362254657","1.68350699548628","1.52078184314436","1.42914435215029","1.28424903944645","1.04750029579275","1.59353965038242","1.58813238238384","1.50327657838238","1.27246721100633"
Nicaragua,"NIC","Total natural resources rents (% of GDP)","NY.GDP.TOTL.RT.ZS","4.15315104137442","5.12065108678162","4.62546930334416","4.95048345059701","4.2211834678271","2.10539835608013","3.11297731611032","2.7029582269273","2.02687465495511","1.28485958829485","1.65812864181366"
Niger,"NER","Total natural resources rents (% of GDP)","NY.GDP.TOTL.RT.ZS","6.88472156897825","8.1477117559769","10.3335481762903","11.466881046248","10.2730531340882","9.74015905746736","9.68635453036973","9.37929042574549","6.79609733342576","5.81263963543114","5.56826403591678"
Nigeria,"NGA","Total natural resources rents (% of GDP)","NY.GDP.TOTL.RT.ZS","13.8029914948457","17.5539035632028","15.1485150031193","11.6227181116144","8.78193552361452","4.55410681800406","4.65772615666869","7.80498492445019","9.79850822600435","8.35322267194456","5.07484002483035"
North Macedonia,"MKD","Total natural resources rents (% of GDP)","NY.GDP.TOTL.RT.ZS","1.48054751512056","1.31901217415565","1.17381157835713","1.1286016514686","1.18602847424584","0.935040215942746","0.866322047138143","0.804308286542463","0.424659195176793","0.146172211539348","0.144963330218282"
Northern Mariana Islands,"MNP","Total natural resources rents (% of GDP)","NY.GDP.TOTL.RT.ZS","0","0","0","0","0","0","0","0","0","0","NA"
Norway,"NOR","Total natural resources rents (% of GDP)","NY.GDP.TOTL.RT.ZS","7.66161471850852","10.0323919412624","9.34170992776999","8.16854742910885","7.51744992129352","5.16239861599802","3.86709464602749","5.33590347738304","7.39362211775806","6.26890345034754","4.18128689630728"
Oman,"OMN","Total natural resources rents (% of GDP)","NY.GDP.TOTL.RT.ZS","35.1702914756151","43.273814289286","40.4418641958152","38.8455213970653","34.348523798708","21.0999447505156","18.0527768334822","21.3537653208209","27.0144782962431","24.9800297060137","18.8866635649826"
Pakistan,"PAK","Total natural resources rents (% of GDP)","NY.GDP.TOTL.RT.ZS","2.27972757975705","2.615759800493","2.56305239816052","2.14619455982111","1.9953468853851","1.22522777965692","0.96533124558749","1.10680683630599","1.24123933516406","1.30340484004876","1.12387026995965"
Palau,"PLW","Total natural resources rents (% of GDP)","NY.GDP.TOTL.RT.ZS","0","0","0","0","0","0","0","0","0","0","0"
Panama,"PAN","Total natural resources rents (% of GDP)","NY.GDP.TOTL.RT.ZS","0.234720390623527","0.269868830701767","0.260441253310238","0.216897753935313","0.231601530644453","0.138690460109424","0.131004580785833","0.124276365709136","0.0994393790926708","0.31611229608813","0.535097865738947"
Papua New Guinea,"PNG","Total natural resources rents (% of GDP)","NY.GDP.TOTL.RT.ZS","27.8968249359842","26.2680889498874","15.8152886420978","11.6658602971436","14.02772535223","12.7384528214768","14.3368397378808","16.0436340949199","16.921880825492","13.8152037166577","11.9417254747487"
Paraguay,"PRY","Total natural resources rents (% of GDP)","NY.GDP.TOTL.RT.ZS","2.08299287196264","1.67187532266737","1.69034010085165","1.6980914846184","1.68579710915118","1.69931574477657","1.89364402448299","1.68483913659766","1.51126155574886","1.37779411178328","1.68263325547904"
Peru,"PER","Total natural resources rents (% of GDP)","NY.GDP.TOTL.RT.ZS","11.2141792512141","12.7665949125059","9.99927931288698","7.65420483078558","5.66292821656372","3.91148648466656","4.40523816648386","5.8962563954339","5.95602611154103","2.49912146958912","3.97961448773443"
Philippines,"PHL","Total natural resources rents (% of GDP)","NY.GDP.TOTL.RT.ZS","2.11755801672482","2.84367320905718","1.55356736359168","1.1859412840883","1.5089650931856","0.758148274430124","0.661597167675748","0.964596437230551","0.943783444739612","0.78530018741462","0.764112790267085"
Poland,"POL","Total natural resources rents (% of GDP)","NY.GDP.TOTL.RT.ZS","4.33027218366267","5.71416347861788","3.79887246755542","3.33330904653522","3.15767703778128","1.29098319489632","2.02624729962296","3.06146096477289","2.71315064903734","0.671601200907606","0.535468929487005"
Portugal,"PRT","Total natural resources rents (% of GDP)","NY.GDP.TOTL.RT.ZS","0.219238742769667","0.244908396407978","0.259819202336753","0.196206023994317","0.204731493524196","0.159709580402046","0.158382699146323","0.191626691576631","0.240667367524237","0.221431953517005","0.200282467054982"
Puerto Rico (US),"PRI","Total natural resources rents (% of GDP)","NY.GDP.TOTL.RT.ZS","0","0","0","0","0","0","0","0","0","0","0"
Qatar,"QAT","Total natural resources rents (% of GDP)","NY.GDP.TOTL.RT.ZS","32.4299374160987","36.7182426077088","35.1062400831471","32.063390113225","27.6978144663127","19.0641343344092","15.9817678598717","18.8986723864413","23.9995278669173","22.3739866660968","20.2259593186526"
Romania,"ROU","Total natural resources rents (% of GDP)","NY.GDP.TOTL.RT.ZS","1.71353438994212","2.28817644873145","2.18833144039798","1.87595138869643","1.51017281377838","0.975979399576012","0.688993508362941","0.884924035595192","1.07026334712177","0.798252105262357","0.508984051380759"
Russian Federation,"RUS","Total natural resources rents (% of GDP)","NY.GDP.TOTL.RT.ZS","13.6767287816453","16.2675600700583","14.293372457197","12.799885012616","12.4271978897589","9.761666714108","8.19418914130003","9.71546623895349","14.4734868157828","12.2071140110196","7.58812544004463"
Rwanda,"RWA","Total natural resources rents (% of GDP)","NY.GDP.TOTL.RT.ZS","6.48655252910732","6.99565680326328","6.39423290634701","6.50475580749802","6.4521550362679","5.77813915585401","5.99862102587479","6.01492971463291","4.71387568610559","3.81709032313618","4.10481845130795"
Samoa,"WSM","Total natural resources rents (% of GDP)","NY.GDP.TOTL.RT.ZS","0.410594291707161","0.479148651100215","0.39649921551572","0.354470433710273","0.514371821253179","0.385043626528853","0.425429774129313","0.482469410561221","0.264678611319933","0.232259603701569","0.301640791056231"
San Marino,"SMR","Total natural resources rents (% of GDP)","NY.GDP.TOTL.RT.ZS","0","0","0","0","0","0","0","0","0","0","0"
Sao Tome and Principe,"STP","Total natural resources rents (% of GDP)","NY.GDP.TOTL.RT.ZS","3.97441398723173","3.82221922487921","3.81740404574064","3.33902231905861","3.04723492306762","3.41287577328636","3.27531389837999","3.15239782697584","2.33693840944991","2.04664899329107","1.98018939747641"
Saudi Arabia,"SAU","Total natural resources rents (% of GDP)","NY.GDP.TOTL.RT.ZS","38.8834681571132","50.2036438017781","48.5007097596571","45.530927478843","41.3384300115975","24.8553045322483","20.7349959872418","24.4865557580774","29.2707418122277","25.453167735458","17.3184270283149"
Senegal,"SEN","Total natural resources rents (% of GDP)","NY.GDP.TOTL.RT.ZS","2.97597316384999","3.6495940769705","4.86398118749562","3.42436224964169","3.1569476524477","3.47911885653568","3.9796411050175","3.21232528542185","2.88655464408866","2.75988310568798","2.86963190075436"
Serbia,"SRB","Total natural resources rents (% of GDP)","NY.GDP.TOTL.RT.ZS","2.51068899120357","3.35044641406988","2.77478070010415","2.05963239192195","1.89442302636645","1.27718856590432","1.17155898842791","1.52263044010001","1.54067953539602","1.19461693747908","0.947608509343353"
Seychelles,"SYC","Total natural resources rents (% of GDP)","NY.GDP.TOTL.RT.ZS","0.146953956678162","0.149780680938161","0.1644793129234","0.136887236537623","0.122451367247677","0.100073979606541","0.0990332020466637","0.11671286310133","0.121453194976473","0.0974947166802459","0.13148617576909"
Sierra Leone,"SLE","Total natural resources rents (% of GDP)","NY.GDP.TOTL.RT.ZS","10.5288662404631","10.9869587677677","9.77051963302454","7.22686963531629","8.02771244072182","10.5713602396516","14.6732645434772","14.9365306672881","8.55532841443589","7.49079656656829","8.22978194152241"
Singapore,"SGP","Total natural resources rents (% of GDP)","NY.GDP.TOTL.RT.ZS","0.038512160672046","0.154301445478482","0.143294198627007","0.119459449682427","0.104879469325881","0.0343911572935456","0.029353972319112","0.000452888881904618","0.000188767152938037","0.000169266160429021","0.00024207226855629"
Sint Maarten (Dutch part),"SXM","Total natural resources rents (% of GDP)","NY.GDP.TOTL.RT.ZS","NA","0","0","0","0","0","0","0","0","NA","NA"
Slovak Republic,"SVK","Total natural resources rents (% of GDP)","NY.GDP.TOTL.RT.ZS","0.337208259001387","0.359867998454853","0.325157520045924","0.296934539699268","0.288569282906269","0.26302479249352","0.261669771629207","0.333116894336664","0.289202597240663","0.251989434209045","0.219233025168727"
Slovenia,"SVN","Total natural resources rents (% of GDP)","NY.GDP.TOTL.RT.ZS","0.300599361470026","0.35989971304657","0.252704524589708","0.206400677505941","0.264570914876485","0.263848700764214","0.261246243560769","0.268545994107094","0.261790471547443","0.23437135303998","0.214171558575469"
Solomon Islands,"SLB","Total natural resources rents (% of GDP)","NY.GDP.TOTL.RT.ZS","15.7647772737329","19.9027124452237","20.8519077419093","17.7681136707893","20.6416871336495","16.6664900887493","14.3004643478535","22.9192896376451","22.3396585662881","19.145353163623","19.1938888891881"
"Somalia, Fed. Rep.","SOM","Total natural resources rents (% of GDP)","NY.GDP.TOTL.RT.ZS","NA","NA","NA","17.8127642098138","18.2921917574279","18.8761765982543","19.5454511774019","18.697269661953","11.735774261604","10.7304105687897","11.455284804417"
South Africa,"ZAF","Total natural resources rents (% of GDP)","NY.GDP.TOTL.RT.ZS","6.84683101275869","7.81466074244917","6.40436399402211","6.11153096342063","4.66573419871465","2.80794769347075","3.56159906611897","3.8355856656622","3.86949148830953","4.18782227881945","4.01777511009808"
South Sudan,"SSD","Total natural resources rents (% of GDP)","NY.GDP.TOTL.RT.ZS","43.7092935094988","51.7868586633182","5.60460947133863","14.7084526216951","28.4570049428564","13.0532234224485","NA","NA","NA","NA","NA"
Spain,"ESP","Total natural resources rents (% of GDP)","NY.GDP.TOTL.RT.ZS","0.058346056568316","0.065256205028861","0.0730629225763844","0.0627348719312166","0.0606477510711108","0.0478922611851597","0.0419317249195144","0.0530656069147325","0.0630077839936006","0.0390101070611282","0.0381216045324834"
Sri Lanka,"LKA","Total natural resources rents (% of GDP)","NY.GDP.TOTL.RT.ZS","0.181247741101714","0.161869001521806","0.137234670569948","0.111206626762233","0.106716230120525","0.116815682766825","0.120808775080832","0.0888765377568958","0.064834147164453","0.0722571812304566","0.0850400982115445"
St. Kitts and Nevis,"KNA","Total natural resources rents (% of GDP)","NY.GDP.TOTL.RT.ZS","0","0","0","0","0","0","0","0","0","0","0"
St. Lucia,"LCA","Total natural resources rents (% of GDP)","NY.GDP.TOTL.RT.ZS","0.0213939960854132","0.0171733829693113","0.0164637996812387","0.0211912988549864","0.0254436551499196","0.0186627705111545","0.0242375524260307","0.0188680203388547","0.0120179605482605","0.0105301058741755","0.0193601689591786"
St. Martin (French part),"MAF","Total natural resources rents (% of GDP)","NY.GDP.TOTL.RT.ZS","NA","0","NA","NA","0","NA","NA","NA","NA","NA","NA"
St. Vincent and the Grenadines,"VCT","Total natural resources rents (% of GDP)","NY.GDP.TOTL.RT.ZS","0.0333656636694466","0.028465453623185","0.0269643348103745","0.034115439439788","0.0423946065801886","0.0312630692791454","0.0407859033307733","0.0329828886778541","0.0209304790297473","0.018299980174056","0.0256464367493511"
Sudan,"SDN","Total natural resources rents (% of GDP)","NY.GDP.TOTL.RT.ZS","11.9428584964653","16.7759073133375","6.64669345938477","7.51778871746273","5.17423775201674","2.97569090164715","2.74050635867162","2.48029512284545","6.14770644131694","8.25976911220096","9.29265238055366"
Suriname,"SUR","Total natural resources rents (% of GDP)","NY.GDP.TOTL.RT.ZS","22.1694362010361","31.9335594131783","29.1297720421828","20.7444083074763","13.3454910423686","5.12495877980327","15.0617975898749","19.7854729048857","8.44388268533074","6.83251753458721","4.60122863820656"
Sweden,"SWE","Total natural resources rents (% of GDP)","NY.GDP.TOTL.RT.ZS","1.41416853353088","1.6957695570353","1.06629092584269","1.00193412946544","0.908726777199877","0.488159781498559","0.722466863316197","1.04602397797532","1.06109616438888","0.404780111504663","0.370599691340783"
Switzerland,"CHE","Total natural resources rents (% of GDP)","NY.GDP.TOTL.RT.ZS","0.0153502739851764","0.0129731788701895","0.0116054102262085","0.0122925706275075","0.0133939110821008","0.0106918477707141","0.0105099534065671","0.00979558760538153","0.0130088671838284","0.0091832516564973","0.00802785319765779"
Syrian Arab Republic,"SYR","Total natural resources rents (% of GDP)","NY.GDP.TOTL.RT.ZS","4.10943264371734","20.3536054160127","15.2359708811944","10.4697183432435","5.74137102637288","3.61325134885599","3.17208654310089","3.11485462954234","3.35036111849182","3.76931985084524","6.37482598047532"
Tajikistan,"TJK","Total natural resources rents (% of GDP)","NY.GDP.TOTL.RT.ZS","1.67499054637824","2.03753218816376","1.70765801661998","1.3294136907651","2.19331996280515","2.26536441077173","3.80725838932103","4.54778525164425","5.40040742136206","5.22368712777317","5.13513488386848"
Tanzania,"TZA","Total natural resources rents (% of GDP)","NY.GDP.TOTL.RT.ZS","5.55945838220369","7.33646177996057","6.8325198508577","5.76723525319283","5.04690559304949","5.30193884393363","5.61603835789229","5.13616759488345","3.61159728659091","3.53145044367484","3.85169508025186"
Thailand,"THA","Total natural resources rents (% of GDP)","NY.GDP.TOTL.RT.ZS","2.73568032123207","3.14709998160529","2.90571167294829","2.61852748014065","2.8228271736769","1.93092320697655","1.5532188768547","1.63215260676224","1.81670642609227","1.51242491485513","1.1095683956846"
Timor-Leste,"TLS","Total natural resources rents (% of GDP)","NY.GDP.TOTL.RT.ZS","NA","NA","NA","NA","NA","79.4309494383903","44.5556159738805","44.8705165836223","62.7689541343655","44.8952633775622","34.3932968859447"
Togo,"TGO","Total natural resources rents (% of GDP)","NY.GDP.TOTL.RT.ZS","11.3076284343152","17.924810571738","20.9936889901917","15.5653200902369","13.3950715961836","12.7280087175611","9.003109569313","7.77733835842081","4.87362329556752","4.32587635811955","4.73168572169493"
Tonga,"TON","Total natural resources rents (% of GDP)","NY.GDP.TOTL.RT.ZS","0.0485079387936127","0.0478419579924403","0.0398683612912305","0.0401188794815067","0.0521558048423682","0.0421389970297059","0.0453861467678001","0.0540904435129096","0.0399575891818241","0.0355539728781376","0.0390440712702677"
Trinidad and Tobago,"TTO","Total natural resources rents (% of GDP)","NY.GDP.TOTL.RT.ZS","13.5019281289188","21.1902057775941","19.0454490519432","18.9417880426583","15.5987828212435","7.5354554955632","4.12214241273861","5.76137730000007","11.2320374302733","11.0689882994292","5.88215476519225"
Tunisia,"TUN","Total natural resources rents (% of GDP)","NY.GDP.TOTL.RT.ZS","5.80230500738706","6.26002372605509","6.61237658820711","5.46168537320013","4.59413759866907","2.68828674720116","2.18515588296029","2.51025972718522","2.82187987069052","2.24739229652362","1.46717230583582"
Turkiye,"TUR","Total natural resources rents (% of GDP)","NY.GDP.TOTL.RT.ZS","1.0333326630856","1.15599036897188","0.748490714870341","0.621362748916478","0.515494221044849","0.259377096732697","0.381853603415781","0.379263394718781","0.52996663633101","0.382779823529053","0.397202384078982"
Turkmenistan,"TKM","Total natural resources rents (% of GDP)","NY.GDP.TOTL.RT.ZS","23.2100512626625","34.2784349181735","30.8737007585666","27.4926438120002","20.1759840166561","15.4827871650235","9.65761604863881","13.0262092742703","20.0690091609088","13.4925127713072","NA"
Turks and Caicos Islands,"TCA","Total natural resources rents (% of GDP)","NY.GDP.TOTL.RT.ZS","0.00470190017585731","0.00387136232153088","0.00388988760953433","0.00513935047593194","0.00597028510106603","0.00415130851289815","0.00520201843450933","0.00448799747282142","0.00277281674159693","0.00235664810158653","0.00416657969513341"
Tuvalu,"TUV","Total natural resources rents (% of GDP)","NY.GDP.TOTL.RT.ZS","0","0","0","0","0","0","0","0","0","0","0"
Uganda,"UGA","Total natural resources rents (% of GDP)","NY.GDP.TOTL.RT.ZS","8.10229439370414","9.15620849237058","10.6585708011681","10.6586103842094","10.3312319703494","10.7947576138514","12.7336513052995","12.1305147407764","8.38888217833344","7.38833937837014","7.56349041713714"
Ukraine,"UKR","Total natural resources rents (% of GDP)","NY.GDP.TOTL.RT.ZS","7.06385110746983","7.90825649188772","4.70265519474683","3.99136453684378","3.6083209332499","2.59911540564351","2.39942596673544","2.95421204623726","2.91046955095297","1.73179870039083","1.09312749593482"
United Arab Emirates,"ARE","Total natural resources rents (% of GDP)","NY.GDP.TOTL.RT.ZS","23.7768704858008","29.7789568323524","28.2144669709365","27.3813114030779","23.9739257701595","14.0468089597238","11.8055195768229","14.3278424370326","18.1866824883602","16.8958990035406","11.9722335248016"
United Kingdom,"GBR","Total natural resources rents (% of GDP)","NY.GDP.TOTL.RT.ZS","0.861239087184779","1.07544716241254","0.866071942237571","0.717358769907282","0.569359660800821","0.337710045585096","0.273025131582337","0.397885220213493","0.626195352812848","0.540491129160741","0.28397504842807"
United States,"USA","Total natural resources rents (% of GDP)","NY.GDP.TOTL.RT.ZS","0.968704075093042","1.23502930471558","0.776694501385092","0.750833995599957","0.703153661885122","0.234371770177788","0.303325431060077","0.427546323641111","0.595678810382377","0.557098125905551","0.329505971924439"
Uruguay,"URY","Total natural resources rents (% of GDP)","NY.GDP.TOTL.RT.ZS","2.02169884847788","1.43709496222999","1.17962644777555","1.29138043579779","1.45872376049256","1.85218241655473","1.74168715941962","1.82938511988003","1.97299244228802","1.70632780467724","2.29343009292959"
Uzbekistan,"UZB","Total natural resources rents (% of GDP)","NY.GDP.TOTL.RT.ZS","14.7836491186156","19.0673372740717","17.2844522443221","14.6803511298882","10.3618681106859","7.25480371959986","6.72025279446491","12.0271937236882","18.6507971459477","10.8569985159248","9.08357795040879"
Vanuatu,"VUT","Total natural resources rents (% of GDP)","NY.GDP.TOTL.RT.ZS","0.832399543964073","0.844354134271983","0.801186721952393","0.752150306423104","0.987395102309584","0.815485061379561","0.816331822730397","0.902392843807671","0.60798151676621","0.547725243089635","0.629507608350041"
"Venezuela, RB","VEN","Total natural resources rents (% of GDP)","NY.GDP.TOTL.RT.ZS","12.380878328857","24.4753357613612","18.7812359044725","17.6253449138361","11.8465082797294","NA","NA","NA","NA","NA","NA"
Viet Nam,"VNM","Total natural resources rents (% of GDP)","NY.GDP.TOTL.RT.ZS","7.4812809152762","9.06944428635118","7.29867693307343","5.91331153505454","5.66094916066902","3.38333033260239","2.68357593807147","3.21350443557147","3.26009968480725","2.50068260501281","1.8108819584417"
Virgin Islands (U.S.),"VIR","Total natural resources rents (% of GDP)","NY.GDP.TOTL.RT.ZS","3.45978934522894","4.1047335352688","1.96183734012522","1.34622849772001","0.85274473054265","0.448439817567942","0.440640386181765","0.458057890874122","0.372382849153501","0.247081553705368","0.205447216042101"
West Bank and Gaza,"PSE","Total natural resources rents (% of GDP)","NY.GDP.TOTL.RT.ZS","0","0","0","0","0","0","0","0","0","0","0"
"Yemen, Rep.","YEM","Total natural resources rents (% of GDP)","NY.GDP.TOTL.RT.ZS","23.5484181707179","25.9395800444886","18.8463591940271","13.5874899680381","10.9650660396012","2.06582147254408","0.766194564986369","2.00088361190121","4.87867391772049","NA","NA"
Zambia,"ZMB","Total natural resources rents (% of GDP)","NY.GDP.TOTL.RT.ZS","18.6647201093496","17.4237334954232","13.5753487511819","12.023594729012","10.842259058696","11.1602533885932","11.6772125402718","13.2264399699464","11.7483463033985","7.91506539515975","16.2222307618142"
Zimbabwe,"ZWE","Total natural resources rents (% of GDP)","NY.GDP.TOTL.RT.ZS","7.09847064162797","7.87938898914128","5.96773281078297","5.04283935109174","5.62126327970579","4.60618520596556","4.49541367401877","6.09544838030308","3.37818944674235","4.71576545765887","4.74666809490234"
,"","","","","","","","","","","","","",""
,"","","","","","","","","","","","","",""
,"","","","","","","","","","","","","",""
Data from database: World Development Indicators,"","","","","","","","","","","","","",""
Last Updated: 04/08/2026,"","","","","","","","","","","","","",""
